,City,Lat,Lng,Country,Date,Max Temp,Humidity,Cloudiness,Wind Speed
0,Cape Town,-33.9258,18.4232,ZA,1657899713,64.81,76,0,76
1,Vanimo,-2.6741,141.3028,PG,1657899713,76.86,91,86,91
2,Neuquén,-38.9516,-68.0591,AR,1657899554,39.09,87,75,87
3,Avarua,-21.2078,-159.775,CK,1657899714,73.45,60,75,60
4,Beringovskiy,63.05,179.3167,RU,1657899714,46.22,82,43,82
5,Bluff,-46.6,168.3333,NZ,1657899714,36.81,74,39,74
6,Alta Floresta,-9.8756,-56.0861,BR,1657899715,96.62,34,0,34
7,Saskylakh,71.9167,114.0833,RU,1657899715,48.56,62,3,62
8,Barrow,71.2906,-156.7887,US,1657899716,33.82,86,100,86
9,Saint-Philippe,-21.3585,55.7679,RE,1657899716,71.19,84,61,84
10,George Town,5.4112,100.3354,MY,1657899514,82.35,88,20,88
11,Taiyuan,37.8694,112.5603,CN,1657899717,69.66,83,20,83
12,East London,-33.0153,27.9116,ZA,1657899717,61.74,82,20,82
13,Ushuaia,-54.8,-68.3,AR,1657899718,35.26,55,20,55
14,Jamestown,42.097,-79.2353,US,1657899552,77.02,53,0,53
15,Tasiilaq,65.6145,-37.6368,GL,1657899718,44.76,70,100,70
16,Shelburne,44.0787,-80.2041,CA,1657899551,73.9,34,6,34
17,Hong Kong,22.2855,114.1577,HK,1657898867,87.33,83,98,83
18,Hilo,19.7297,-155.09,US,1657899719,78.28,97,100,97
19,Pemangkat,1.1667,108.9667,ID,1657899719,79.63,81,10,81
20,Charters Towers,-20.1,146.2667,AU,1657899720,52.92,79,2,79
21,Juegang,32.3174,121.1855,CN,1657899720,82.9,93,91,93
22,Nekhayevskiy,50.4106,41.7561,RU,1657899720,75.69,52,0,52
23,Punta Arenas,-53.15,-70.9167,CL,1657899720,28.42,86,40,86
24,Carnarvon,-24.8667,113.6333,AU,1657899721,67.15,68,0,68
25,Campoverde,-8.4753,-74.8058,PE,1657899721,85.69,49,2,49
26,Saint Paul Harbor,57.79,-152.4072,US,1657899722,54.91,88,0,88
27,Bethel,41.3712,-73.414,US,1657899519,82.72,48,0,48
28,Rikitea,-23.1203,-134.9692,PF,1657899722,68.34,71,100,71
29,Nikolskoye,59.7035,30.7861,RU,1657899722,67.89,58,100,58
30,Dikson,73.5069,80.5464,RU,1657899723,45.12,79,59,79
31,Atuona,-9.8,-139.0333,PF,1657899723,76.91,71,12,71
32,Busselton,-33.65,115.3333,AU,1657899724,58.66,71,90,71
33,Nemuro,43.3236,145.575,JP,1657899724,60.08,88,97,88
34,Hermanus,-34.4187,19.2345,ZA,1657899724,59.23,76,100,76
35,Bambous Virieux,-20.3428,57.7575,MU,1657899725,70.05,83,40,83
36,Iralaya,15.0,-83.2333,HN,1657899725,83.14,75,100,75
37,Alice Springs,-23.7,133.8833,AU,1657899725,35.15,51,0,51
38,Meybod,32.2501,54.0166,IR,1657899726,95.02,9,0,9
39,Berlevåg,70.8578,29.0864,NO,1657899726,76.95,41,41,41
40,Mandera,3.9366,41.867,KE,1657899726,84.94,43,91,43
41,Lagoa,39.05,-27.9833,PT,1657899727,69.01,87,19,87
42,Lavrentiya,65.5833,-171.0,RU,1657899727,43.3,73,96,73
43,Puerto Ayora,-0.7393,-90.3518,EC,1657899727,73.36,93,97,93
44,Port Alfred,-33.5906,26.891,ZA,1657899728,61.18,81,4,81
45,Pevek,69.7008,170.3133,RU,1657899728,35.13,75,100,75
46,Vaini,-21.2,-175.2,TO,1657899728,75.36,94,20,94
47,Dingle,10.9995,122.6711,PH,1657899729,76.96,91,84,91
48,Albany,42.6001,-73.9662,US,1657899086,79.43,47,0,47
49,Mar del Plata,-38.0023,-57.5575,AR,1657899729,54.09,95,100,95
50,Nouadhibou,20.931,-17.0347,MR,1657899730,75.18,73,4,73
51,Talnakh,69.4865,88.3972,RU,1657899550,61.21,56,67,56
52,Kavieng,-2.5744,150.7967,PG,1657899730,80.33,79,81,79
53,Diapaga,12.0708,1.7889,BF,1657899730,95.0,38,69,38
54,Hohhot,40.8106,111.6522,CN,1657899731,73.69,40,0,40
55,Mataura,-46.1927,168.8643,NZ,1657899731,36.48,98,61,98
56,Bagdarin,54.4333,113.6,RU,1657899731,57.49,99,100,99
57,Makkah al Mukarramah,21.4267,39.8261,SA,1657899632,96.58,20,97,20
58,Tuktoyaktuk,69.4541,-133.0374,CA,1657899732,37.4,87,100,87
59,Zaranj,30.9667,61.8833,AF,1657899732,105.76,8,66,8
60,Hobart,-42.8794,147.3294,AU,1657899720,47.26,83,73,83
61,Tuatapere,-46.1333,167.6833,NZ,1657899733,37.81,86,82,86
62,Sarangani,5.4033,125.4636,PH,1657899733,81.93,80,65,80
63,Inta,66.0317,60.1659,RU,1657899733,76.91,64,100,64
64,Beyla,8.6833,-8.6333,GN,1657899734,78.51,78,100,78
65,Martapura,-3.4167,114.85,ID,1657899734,77.09,100,100,100
66,Port Elizabeth,-33.918,25.5701,ZA,1657899735,62.1,81,0,81
67,Mahébourg,-20.4081,57.7,MU,1657899735,70.09,83,40,83
68,Progreso,21.2833,-89.6667,MX,1657899735,89.11,62,15,62
69,Hithadhoo,-0.6,73.0833,MV,1657899736,83.68,75,41,75
70,Paamiut,61.994,-49.6678,GL,1657899736,39.45,90,99,90
71,Takoradze,4.8845,-1.7554,GH,1657899736,77.86,81,62,81
72,Iporá,-16.4419,-51.1178,BR,1657899737,88.86,23,9,23
73,Padang,-0.9492,100.3543,ID,1657899737,80.65,88,88,88
74,Pacific Grove,36.6177,-121.9166,US,1657899737,60.48,90,100,90
75,Şabyā,17.1495,42.6254,SA,1657899738,92.82,48,74,48
76,Vila,42.0304,-8.1588,PT,1657899738,83.7,46,100,46
77,Bengkulu,-3.8004,102.2655,ID,1657899738,78.62,85,100,85
78,Butaritari,3.0707,172.7902,KI,1657899739,81.28,82,99,82
79,Potosí,-19.5836,-65.7531,BO,1657899739,45.46,27,75,27
80,Candolim,15.5181,73.7626,IN,1657899739,80.6,89,75,89
81,Makakilo City,21.3469,-158.0858,US,1657899740,75.18,74,0,74
82,Kieta,-6.2167,155.6333,PG,1657899740,77.67,80,63,80
83,Hede,33.7681,120.2517,CN,1657899741,76.96,84,100,84
84,Sabang,5.8933,95.3214,ID,1657899741,83.25,76,74,76
85,Ibirubá,-28.6275,-53.0897,BR,1657899741,66.15,84,98,84
86,Lompoc,34.6391,-120.4579,US,1657899741,72.93,87,100,87
87,Yellowknife,62.456,-114.3525,CA,1657899742,57.72,77,100,77
88,Minas,-34.3759,-55.2377,UY,1657899742,62.51,91,99,91
89,Cherskiy,68.75,161.3,RU,1657899743,42.73,55,54,55
90,Qaanaaq,77.484,-69.3632,GL,1657899743,49.5,60,100,60
91,Kalmunai,7.4167,81.8167,LK,1657899743,83.35,71,100,71
92,São Paulo de Olivença,-3.3783,-68.8725,BR,1657899744,89.28,52,44,52
93,Zeya,53.75,127.2667,RU,1657899744,65.17,83,12,83
94,High Level,58.5169,-117.136,CA,1657899745,62.71,72,40,72
95,Ribeira Grande,38.5167,-28.7,PT,1657899745,79.2,57,20,57
96,Guerrero Negro,27.9769,-114.0611,MX,1657899532,71.46,70,30,70
97,Rundu,-17.9333,19.7667,NA,1657899746,70.74,21,0,21
98,Zhdankovskiy,53.7532,38.1795,RU,1657899747,64.42,67,63,67
99,Kapaa,22.0752,-159.319,US,1657899469,77.32,88,75,88
100,Aklavik,68.2191,-135.0107,CA,1657899708,48.2,76,75,76
101,Henties Bay,-22.116,14.2845,NA,1657899748,72.99,38,0,38
102,São Filipe,14.8961,-24.4956,CV,1657899748,75.52,78,100,78
103,Salinópolis,-0.6136,-47.3561,BR,1657899749,83.26,72,26,72
104,Arraial do Cabo,-22.9661,-42.0278,BR,1657899749,80.56,65,0,65
105,Belgrade,44.804,20.4651,RS,1657899593,94.44,26,0,26
106,Pervomayskoye,43.919,46.7102,RU,1657899749,81.48,35,0,35
107,Broome,42.2506,-75.833,US,1657899750,77.56,53,0,53
108,Kaitangata,-46.2817,169.8464,NZ,1657899750,35.64,93,46,93
109,Okhotsk,59.3833,143.3,RU,1657899750,58.5,94,100,94
110,Chokurdakh,70.6333,147.9167,RU,1657899751,52.95,93,60,93
111,Lebu,-37.6167,-73.65,CL,1657899751,45.82,79,98,79
112,Te Anau,-45.4167,167.7167,NZ,1657899751,32.7,93,53,93
113,Antofagasta,-23.65,-70.4,CL,1657899752,58.28,59,0,59
114,Mayo,38.8876,-76.5119,US,1657899699,87.37,66,0,66
115,Iberia,29.9502,-91.7507,US,1657899752,87.96,66,40,66
116,Ilulissat,69.2167,-51.1,GL,1657899753,44.78,59,6,59
117,Coahuayana Viejo,18.7333,-103.6833,MX,1657899753,88.02,56,98,56
118,Swan Hill,-35.3378,143.5544,AU,1657899753,46.92,66,100,66
119,Sørkjosen,69.8,20.9333,NO,1657899754,62.6,55,75,55
120,Kununurra,-15.7667,128.7333,AU,1657899754,49.98,76,55,76
121,Härnösand,62.6323,17.9379,SE,1657899754,55.99,75,99,75
122,Bulembu,-25.9667,31.1333,SZ,1657899755,52.57,62,0,62
123,Kamen'-Rybolov,44.7481,132.0403,RU,1657899755,62.04,97,100,97
124,Imbituba,-28.24,-48.6703,BR,1657899756,67.86,96,100,96
125,Amrāvati,20.9333,77.75,IN,1657899756,76.86,87,100,87
126,Turukhansk,65.8167,87.9833,RU,1657899756,55.74,72,83,72
127,Osakarovka,50.565,72.5692,KZ,1657899757,73.51,46,46,46
128,Lüderitz,-26.6481,15.1594,NA,1657899757,71.91,34,19,34
129,Bredasdorp,-34.5322,20.0403,ZA,1657899757,53.22,92,90,92
130,Tutóia,-2.7619,-42.2744,BR,1657899758,86.61,56,71,56
131,Ponta Delgada,37.7333,-25.6667,PT,1657899758,70.52,83,40,83
132,Manacapuru,-3.2997,-60.6206,BR,1657899758,87.15,58,88,58
133,Paraíba do Sul,-22.1619,-43.2928,BR,1657899759,81.91,43,22,43
134,Xingyi,24.1877,102.817,CN,1657899759,64.51,92,29,92
135,Tomelloso,39.1522,-3.0243,ES,1657899759,97.52,11,0,11
136,Constitución,-35.3333,-72.4167,CL,1657899760,46.89,80,100,80
137,Laas,46.6166,10.7002,IT,1657899704,82.36,57,89,57
138,Samarai,-10.6167,150.6667,PG,1657899760,76.59,71,100,71
139,Mandalgovi,45.7625,106.2708,MN,1657899761,57.24,87,5,87
140,Chitral,35.8462,71.7858,PK,1657899761,76.32,70,10,70
141,Mecatlan,20.2167,-97.6667,MX,1657899762,75.97,79,97,79
142,Provideniya,64.3833,-173.3,RU,1657899762,47.3,82,98,82
143,Española,35.9911,-106.0806,US,1657899763,84.2,54,8,54
144,Iqaluit,63.7506,-68.5145,CA,1657899763,64.13,55,20,55
145,Anadyr,64.75,177.4833,RU,1657899764,41.5,87,0,87
146,Basco,20.4487,121.9702,PH,1657899764,85.15,82,89,82
147,Tiksi,71.6872,128.8694,RU,1657899764,39.79,88,100,88
148,Biak,-0.9131,122.8766,ID,1657899765,73.09,91,100,91
149,Il'inskoye-Khovanskoye,56.9718,39.7684,RU,1657899765,67.66,56,63,56
150,Worthington,40.0931,-83.018,US,1657899766,80.89,47,0,47
151,Kloulklubed,7.0419,134.2556,PW,1657899766,75.7,71,91,71
152,Yakeshi,49.2833,120.7333,CN,1657899767,60.94,95,71,95
153,Abadan,38.0507,58.2056,TM,1657899767,100.13,13,0,13
154,Antalaha,-14.9003,50.2788,MG,1657899768,69.84,84,8,84
155,Necochea,-38.5473,-58.7368,AR,1657899768,50.83,92,100,92
156,Boyolangu,-8.1181,111.8935,ID,1657899768,75.13,90,81,90
157,Mercedes,-34.6515,-59.4307,AR,1657899488,56.41,72,100,72
158,Kribi,2.95,9.9167,CM,1657899769,79.02,75,38,75
159,Codrington,-38.2667,141.9667,AU,1657899769,50.14,61,100,61
160,Norman Wells,65.282,-126.8329,CA,1657899769,50.04,87,75,87
161,Chui,-33.6971,-53.4616,UY,1657899770,61.16,97,100,97
162,Port Blair,11.6667,92.75,IN,1657899623,82.44,83,100,83
163,College,64.8569,-147.8028,US,1657899770,57.9,66,75,66
164,Nizhniy Kuranakh,58.8353,125.4869,RU,1657899770,65.39,88,54,88
165,Mandurah,-32.55,115.7,AU,1657899771,56.91,82,3,82
166,Vila Velha,-20.3297,-40.2925,BR,1657899552,78.75,75,40,75
167,Dandong,40.1292,124.3947,CN,1657899771,67.89,93,2,93
168,Wexford,52.3342,-6.4575,IE,1657899772,74.21,64,94,64
169,Dunedin,-45.8742,170.5036,NZ,1657899772,42.8,72,79,72
170,Castro,-24.7911,-50.0119,BR,1657899773,72.39,48,99,48
171,Margate,51.3813,1.3862,GB,1657899773,77.88,48,5,48
172,Nome,64.5011,-165.4064,US,1657899773,53.67,63,100,63
173,Meulaboh,4.1363,96.1285,ID,1657899774,78.87,85,85,85
174,Yongchang,30.0381,119.7317,CN,1657899774,79.45,92,100,92
175,Melilla,35.2937,-2.9383,ES,1657899775,86.2,78,75,78
176,Simpang,-1.2667,104.0833,ID,1657899775,74.34,89,100,89
177,Santiago,-33.4569,-70.6483,CL,1657899002,48.85,80,100,80
178,New Norfolk,-42.7826,147.0587,AU,1657899775,46.92,84,88,84
179,Gumi,36.1136,128.336,KR,1657899776,74.88,84,20,84
180,Harper,4.375,-7.7169,LR,1657899776,76.41,79,99,79
181,Kokstad,-30.5472,29.4241,ZA,1657899776,47.73,76,0,76
182,Ponta do Sol,32.6667,-17.1,PT,1657899777,75.83,75,3,75
183,Lethem,3.3803,-59.7968,GY,1657899777,73.45,100,100,100
184,Ancud,-41.8697,-73.8203,CL,1657899777,43.23,70,8,70
185,Nantucket,41.2835,-70.0995,US,1657899778,78.91,72,0,72
186,Belyy Yar,53.6039,91.3903,RU,1657899778,62.49,64,0,64
187,Puerto Escondido,15.85,-97.0667,MX,1657899778,84.31,64,90,64
188,Severo-Kuril'sk,50.6789,156.125,RU,1657899779,54.18,94,42,94
189,Sur,22.5667,59.5289,OM,1657899779,84.52,76,100,76
190,Narsaq,60.9167,-46.05,GL,1657899779,61.02,56,67,56
191,Saint George,37.1041,-113.5841,US,1657899780,87.8,43,0,43
192,Kahului,20.8947,-156.47,US,1657899479,76.84,85,20,85
193,Ostrovnoy,68.0531,39.5131,RU,1657899780,66.96,71,99,71
194,Shingū,33.7333,135.9833,JP,1657899781,74.3,90,100,90
195,Adrar,20.5022,-10.0711,MR,1657899781,108.45,12,19,12
196,Flin Flon,54.7682,-101.865,CA,1657899624,76.84,44,20,44
197,Cockburn Town,21.4612,-71.1419,TC,1657899669,81.3,83,26,83
198,Poum,-20.2333,164.0167,NC,1657899782,71.96,58,15,58
199,Bayanday,53.0661,105.5139,RU,1657899782,53.24,95,100,95
200,Comodoro Rivadavia,-45.8667,-67.5,AR,1657899731,35.46,87,75,87
201,Hualmay,-11.0964,-77.6139,PE,1657899782,63.32,75,66,75
202,Zalukokoazhe,43.9039,43.2156,RU,1657899783,80.76,58,30,58
203,Marabu,4.4148,114.0089,MY,1657899487,77.14,94,40,94
204,Elizabeth City,36.2946,-76.2511,US,1657899783,82.0,95,100,95
205,Bukachacha,52.9833,116.9167,RU,1657899783,58.01,97,97,97
206,Longyearbyen,78.2186,15.6401,SJ,1657899784,57.04,67,75,67
207,Thompson,55.7435,-97.8558,CA,1657899784,71.76,56,0,56
208,Humaitá,-7.5061,-63.0208,BR,1657899785,94.64,38,73,38
209,Portland,45.5234,-122.6762,US,1657899785,66.81,71,32,71
210,Kyshtovka,56.555,76.6271,RU,1657899785,57.22,94,34,94
211,Den Helder,52.9599,4.7593,NL,1657899786,68.97,74,100,74
212,Nizwá,22.9333,57.5333,OM,1657899786,94.28,39,100,39
213,Cajamarca,-7.1638,-78.5003,PE,1657899786,64.47,45,0,45
214,Aksarayskiy,46.7924,48.0119,RU,1657899787,82.76,29,0,29
215,Pangody,65.85,74.4859,RU,1657899787,63.12,51,54,51
216,Kandrian,-6.2167,149.55,PG,1657899787,78.44,85,100,85
217,Townsville,-19.25,146.8,AU,1657899563,59.88,77,100,77
218,Alingsås,57.9303,12.5335,SE,1657899788,66.45,41,42,41
219,Suntar,62.1444,117.6319,RU,1657899788,65.39,91,60,91
220,Ust'-Ordynskiy,52.805,104.7508,RU,1657899789,52.95,96,100,96
221,Paphos,34.7667,32.4167,CY,1657899789,85.23,74,0,74
222,Mudgee,-32.5943,149.5871,AU,1657899790,35.08,85,21,85
223,Huarmey,-10.0681,-78.1522,PE,1657899700,65.21,72,34,72
224,Mocuba,-16.8392,36.9856,MZ,1657899790,65.86,78,88,78
225,Roald,62.5833,6.1333,NO,1657899791,57.9,67,40,67
226,Santarém,-2.4431,-54.7083,BR,1657899773,82.53,83,75,83
227,Along,28.1667,94.7667,IN,1657899791,77.32,96,2,96
228,Nanortalik,60.1432,-45.2371,GL,1657899791,44.6,83,83,83
229,Pueblo Nuevo,23.3833,-105.3833,MX,1657899517,70.47,57,28,57
230,Dimitrovgrad,54.2139,49.6184,RU,1657899702,67.82,79,61,79
231,Peachland,49.7665,-119.7357,CA,1657899792,76.68,46,24,46
232,Leningradskiy,69.3833,178.4167,RU,1657899792,33.46,82,72,82
233,Avezzano,42.0402,13.4388,IT,1657899792,90.45,36,16,36
234,Vaitape,-16.5167,-151.75,PF,1657899793,77.58,60,93,60
235,Katsuura,35.1333,140.3,JP,1657899793,75.22,94,72,94
236,Ruidoso,33.3317,-105.673,US,1657899555,82.06,40,0,40
237,Lipin Bor,60.2622,37.9763,RU,1657899794,63.3,74,83,74
238,Córdoba,-31.4135,-64.1811,AR,1657899607,53.42,61,75,61
239,Fortuna,40.5982,-124.1573,US,1657899794,58.93,91,75,91
240,Port Hardy,50.6996,-127.4199,CA,1657899795,57.38,94,75,94
241,Isangel,-19.55,169.2667,VU,1657899795,71.71,78,96,78
242,Marawi,7.9986,124.2928,PH,1657899795,69.33,95,98,95
243,Berezivka,47.2043,30.9078,UA,1657899796,83.98,33,70,33
244,Sūsangerd,31.5608,48.1831,IR,1657899796,111.47,7,0,7
245,Kruisfontein,-34.0033,24.7314,ZA,1657899797,59.88,83,19,83
246,Nauta,-4.5061,-73.5757,PE,1657899797,89.49,52,27,52
247,Carndonagh,55.25,-7.2667,IE,1657899797,60.42,79,39,79
248,Neiafu,-18.65,-173.9833,TO,1657899798,77.68,78,20,78
249,Chapais,49.7834,-74.8492,CA,1657899798,69.58,33,63,33
250,Çine,37.6117,28.0614,TR,1657899799,90.81,18,1,18
251,Altay,47.8667,88.1167,CN,1657899799,60.15,32,0,32
252,Black River,18.0264,-77.8487,JM,1657899800,85.55,60,100,60
253,Kargasok,59.0556,80.8572,RU,1657899800,57.24,76,100,76
254,Deūlgaon Rāja,20.0167,76.0333,IN,1657899800,74.79,85,100,85
255,La Rioja,42.25,-2.5,ES,1657899801,94.78,13,9,13
256,Airai,-8.9266,125.4092,TL,1657899801,53.49,88,72,88
257,Hurghada,27.2574,33.8129,EG,1657899802,93.24,22,0,22
258,Mitsamiouli,-11.3847,43.2844,KM,1657899802,80.89,57,20,57
259,Nabire,-3.3667,135.4833,ID,1657899803,76.68,92,100,92
260,Yumen,40.2833,97.2,CN,1657899803,72.46,37,100,37
261,Mackenzie,55.2999,-123.1698,CA,1657899803,57.42,88,100,88
262,Khatanga,71.9667,102.5,RU,1657899804,54.14,63,19,63
263,Mulchén,-37.7167,-72.2333,CL,1657899804,40.86,85,100,85
264,Dwārka,22.2394,68.9678,IN,1657899804,82.26,86,100,86
265,Zmeinogorsk,51.1567,82.195,RU,1657899805,62.91,68,58,68
266,Oussouye,12.485,-16.5469,SN,1657899805,91.58,68,100,68
267,Paita,-5.0892,-81.1144,PE,1657899805,68.22,69,16,69
268,Amalāpuram,16.5833,82.0167,IN,1657899806,81.68,79,100,79
269,Port Lincoln,-34.7333,135.8667,AU,1657899632,56.62,39,87,39
270,San Policarpo,12.1791,125.5072,PH,1657899806,81.3,78,89,78
271,Flinders,-34.5833,150.8552,AU,1657899807,48.06,82,38,82
272,Empalme,27.9667,-110.8167,MX,1657899807,92.35,59,53,59
273,Rawson,-43.3002,-65.1023,AR,1657899534,41.52,89,100,89
274,Killybegs,54.6333,-8.45,IE,1657899807,60.51,74,84,74
275,Upernavik,72.7868,-56.1549,GL,1657899809,46.9,67,0,67
276,Valparaíso,-33.0393,-71.6273,CL,1657899544,50.47,91,100,91
277,Klaksvík,62.2266,-6.589,FO,1657899810,54.52,76,65,76
278,La Asuncion,11.0333,-63.8628,VE,1657899811,87.53,74,53,74
279,Nakamura,32.9833,132.9333,JP,1657899811,74.26,97,100,97
280,Muncar,-8.4333,114.3333,ID,1657899812,76.35,90,68,90
281,Touros,-5.1989,-35.4608,BR,1657899812,80.02,78,59,78
282,Tilichiki,60.4667,166.1,RU,1657899813,51.17,92,42,92
283,Zhangjiakou,40.81,114.8794,CN,1657899813,77.36,36,92,36
284,Ilo,-17.6394,-71.3375,PE,1657899814,61.66,77,100,77
285,San Joaquin,37.9333,-121.3011,US,1657899814,73.33,53,0,53
286,San Patricio,28.017,-97.5169,US,1657899629,89.08,47,9,47
287,Ilanskiy,56.2358,96.065,RU,1657899815,52.09,78,17,78
288,Shalakusha,62.2247,40.2539,RU,1657899816,62.87,90,100,90
289,Kutum,14.2,24.6667,SD,1657899816,77.9,56,65,56
290,Souillac,-20.5167,57.5167,MU,1657899816,70.18,83,40,83
291,Mareeba,-17.0,145.4333,AU,1657899817,57.92,97,30,97
292,Khāsh,28.2211,61.2158,IR,1657899817,87.82,11,6,11
293,Zhangjiakou Shi Xuanhua Qu,40.6103,115.0447,CN,1657899817,78.55,35,94,35
294,Sitka,57.0531,-135.33,US,1657899818,57.09,88,75,88
295,Lluta,-16.0147,-72.0142,PE,1657899818,57.79,16,9,16
296,Sorgun,39.8101,35.186,TR,1657899819,65.59,68,82,68
297,Mīnāb,27.1467,57.0801,IR,1657899819,91.49,64,83,64
298,Shenjiamen,29.9576,122.298,CN,1657899819,79.09,89,100,89
299,Zhuhai,22.2769,113.5678,CN,1657899820,87.85,84,20,84
300,Quatre Cocos,-20.2078,57.7625,MU,1657899820,69.91,81,92,81
301,Ngunguru,-35.6167,174.5,NZ,1657899820,51.66,85,99,85
302,Cabo San Lucas,22.8909,-109.9124,MX,1657899563,91.62,35,40,35
303,Alugan,12.2188,125.4808,PH,1657899821,80.82,79,91,79
304,Petropavlovsk-Kamchatskiy,53.0452,158.6483,RU,1657899821,57.79,100,20,100
305,Clyde River,70.4692,-68.5914,CA,1657899822,61.03,39,0,39
306,Coyhaique,-45.5752,-72.0662,CL,1657899822,30.15,80,75,80
307,Karratha,-20.7377,116.8463,AU,1657899822,65.71,51,4,51
308,Agüimes,27.9054,-15.4461,ES,1657899823,75.83,61,20,61
309,Amapá,1.0,-52.0,BR,1657899823,87.1,55,45,55
310,Geraldton,-28.7667,114.6,AU,1657899824,54.01,94,100,94
311,Havre-St-Pierre,50.2334,-63.5986,CA,1657899665,68.36,64,0,64
312,Ballina,-28.8667,153.5667,AU,1657899824,51.01,95,8,95
313,Kosice,48.6667,21.3333,SK,1657899825,75.69,37,0,37
314,Riyadh,24.6877,46.7219,SA,1657899813,105.94,7,100,7
315,Verkhnevilyuysk,63.4453,120.3167,RU,1657899825,62.26,94,60,94
316,Maniitsoq,65.4167,-52.9,GL,1657899825,39.88,93,44,93
317,Lesnoy,57.6198,63.0784,RU,1657899826,63.5,96,93,96
318,Plouzané,48.3833,-4.6167,FR,1657899826,78.85,45,0,45
319,Strezhevoy,60.7333,77.5889,RU,1657899826,60.87,66,94,66
320,Bulgan,48.8125,103.5347,MN,1657899827,52.61,92,100,92
321,Skrunda,56.6833,22.0167,LV,1657899827,56.93,87,78,87
322,Bosaso,11.2842,49.1816,SO,1657899827,93.92,43,92,43
323,Villa San Giovanni,38.2276,15.6386,IT,1657899828,88.43,47,0,47
324,Kharp,66.8014,65.8081,RU,1657899828,67.5,77,98,77
325,Ibrā’,22.6906,58.5334,OM,1657899828,91.65,44,100,44
326,Kahramanmaraş Province,38.0,37.0,TR,1657899829,81.86,26,0,26
327,Smithers,54.7804,-127.1743,CA,1657899829,53.92,100,100,100
328,Aksarka,66.5606,67.7975,RU,1657899829,65.28,62,100,62
329,Khuzdar,27.7384,66.6434,PK,1657899830,78.35,62,100,62
330,Kaili,-3.4626,120.2147,ID,1657899830,65.23,93,100,93
331,Usinsk,65.9939,57.5281,RU,1657899830,79.61,61,75,61
332,Kifrī,34.6959,44.9661,IQ,1657899831,107.92,9,0,9
333,Tokur,53.1333,132.9,RU,1657899831,57.06,97,41,97
334,Santo Domingo,18.5001,-69.9886,DO,1657899724,87.44,70,40,70
335,Camocim,-2.9022,-40.8411,BR,1657899832,88.2,52,49,52
336,Kudymkar,59.0173,54.656,RU,1657899832,66.36,93,80,93
337,Plácido de Castro,-10.3353,-67.1856,BR,1657899832,91.6,43,99,43
338,Itarema,-2.9248,-39.9167,BR,1657899833,86.18,53,55,53
339,Pucallpa,-8.3791,-74.5539,PE,1657899604,86.04,70,40,70
340,Marsh Harbour,26.5412,-77.0636,BS,1657899833,82.67,69,99,69
341,Būlaevo,54.9056,70.4439,KZ,1657899833,67.55,82,4,82
342,Kuytun,54.3419,101.5036,RU,1657899834,50.92,94,100,94
343,Lokosovo,61.1333,74.8167,RU,1657899834,60.3,78,48,78
344,Ejura,7.3856,-1.3562,GH,1657899834,82.85,71,86,71
345,Atambua,-9.1061,124.8925,ID,1657899674,68.16,79,80,79
346,Kirakira,-10.4544,161.9205,SB,1657899835,77.34,86,15,86
347,Narón,43.5167,-8.1528,ES,1657899835,85.55,70,100,70
348,Semiletka,55.3603,54.6153,RU,1657899835,64.92,86,35,86
349,Sibolga,1.7427,98.7792,ID,1657899836,77.81,88,97,88
350,Dubti,11.7361,41.0853,ET,1657899836,98.11,25,30,25
351,Simao,22.7886,100.9748,CN,1657899836,67.6,94,13,94
352,Taltal,-25.4,-70.4833,CL,1657899837,58.28,59,0,59
353,Sakaiminato,35.55,133.2333,JP,1657899837,75.18,88,75,88
354,Yar-Sale,66.8333,70.8333,RU,1657899837,59.09,60,0,60
355,Sola,-13.8833,167.55,VU,1657899838,75.87,94,75,94
356,Husavik,66.0449,-17.3389,IS,1657899838,56.59,58,36,58
357,Choix,26.7092,-108.3219,MX,1657899840,90.39,58,1,58
358,Bay Roberts,47.5999,-53.2648,CA,1657899840,69.66,85,55,85
359,Ponnāni,10.767,75.9252,IN,1657899841,76.32,82,55,82
360,Vostok,46.4856,135.8833,RU,1657899841,56.46,90,100,90
361,Kysyl-Syr,63.8986,122.7617,RU,1657899842,65.61,90,100,90
362,Deputatsky,69.3,139.9,RU,1657899842,54.05,90,92,90
363,Ngerengere,-6.75,38.1167,TZ,1657899842,75.0,57,97,57
364,Faanui,-16.4833,-151.75,PF,1657899842,77.54,61,93,61
365,Puerto Madryn,-42.7692,-65.0385,AR,1657899552,41.63,92,100,92
366,Soponya,47.0149,18.4534,HU,1657899843,81.01,21,79,21
367,Papetoai,-17.4961,-149.8729,PF,1657899843,67.59,59,17,59
368,Gillette,44.2911,-105.5022,US,1657899605,81.1,48,0,48
369,Tacuarembó,-31.7333,-55.9833,UY,1657899724,64.27,91,100,91
370,Xining,36.6167,101.7667,CN,1657899844,59.29,95,100,95
371,Oodweyne,9.4092,45.064,SO,1657899844,75.88,57,96,57
372,Greymouth,-42.4667,171.2,NZ,1657899782,38.19,89,17,89
373,Uch,45.3192,-0.9345,FR,1657899845,88.84,24,97,24
374,Lata,40.1629,-8.3327,PT,1657899620,91.49,45,98,45
375,Caravelas,-17.7125,-39.2481,BR,1657899845,76.53,64,40,64
376,Pemagatsel,27.0319,91.4266,BT,1657899846,65.95,93,0,93
377,Qaqortoq,60.7167,-46.0333,GL,1657899547,49.05,67,49,67
378,Benjamín Aceval,-24.9667,-57.5667,PY,1657899846,82.6,39,100,39
379,Zhigansk,66.7697,123.3711,RU,1657899847,53.17,66,97,66
380,Ahipara,-35.1667,173.1667,NZ,1657899847,53.94,75,100,75
381,Cidreira,-30.1811,-50.2056,BR,1657899848,63.66,93,100,93
382,Bela Palanka,43.2183,22.3111,RS,1657899848,93.07,30,0,30
383,Kipushi,-11.7667,27.2333,CD,1657899848,68.77,39,18,39
384,Tiszavasvári,47.9667,21.35,HU,1657899849,85.1,26,21,26
385,Hervey Bay,-25.2986,152.8535,AU,1657899849,59.59,78,18,78
386,Nyurba,63.2842,118.3319,RU,1657899849,62.98,95,39,95
387,Jimo,36.3897,120.4622,CN,1657899850,78.58,100,99,100
388,Takhtamygda,54.1,123.5667,RU,1657899850,63.86,94,53,94
389,Bambanglipuro,-7.95,110.2833,ID,1657899850,75.54,90,24,90
390,Bontang,0.1333,117.5,ID,1657899851,79.02,79,89,79
391,Prince Rupert,54.3161,-130.3201,CA,1657899851,53.69,100,100,100
392,Derzhavīnsk,51.1,66.3167,KZ,1657899852,82.72,39,37,39
393,Namie,37.4833,141.0,JP,1657899852,73.71,96,100,96
394,Buala,-8.145,159.5921,SB,1657899853,79.05,82,97,82
395,Tarpon Springs,28.1461,-82.7568,US,1657899853,90.16,67,49,67
396,Manaus,-3.1019,-60.025,BR,1657899853,90.1,66,20,66
397,Sibiti,-3.6819,13.3499,CG,1657899854,87.49,34,20,34
398,Laguna,38.421,-121.4238,US,1657899697,80.94,69,0,69
399,Wanning,18.8003,110.3967,CN,1657899854,82.02,89,33,89
400,Bayan,46.0833,127.4,CN,1657899855,66.07,70,96,70
401,Måløy,61.9353,5.1136,NO,1657899855,55.13,77,96,77
402,Kasempa,-13.4584,25.8338,ZM,1657899855,67.15,35,4,35
403,Oswego,43.4501,-76.1497,US,1657899856,79.95,53,1,53
404,Kidal,18.4411,1.4078,ML,1657899856,105.53,17,30,17
405,Hofn,64.2539,-15.2082,IS,1657899856,55.42,76,20,76
406,Beloha,-25.1667,45.05,MG,1657899857,65.97,78,0,78
407,Maceió,-9.6658,-35.7353,BR,1657899857,81.84,69,75,69
408,Rocha,-34.4833,-54.3333,UY,1657899566,61.21,94,100,94
409,Pangkalanbuun,-2.6833,111.6167,ID,1657899590,74.48,97,30,97
410,Tsiroanomandidy,-18.7667,46.0333,MG,1657899857,63.5,39,0,39
411,Alekseyevsk,57.8406,108.3492,RU,1657899858,55.74,98,100,98
412,Tigil',57.8,158.6667,RU,1657899858,48.52,92,78,92
413,Pychas,56.5033,52.4409,RU,1657899858,63.3,92,15,92
414,Thinadhoo,0.5333,72.9333,MV,1657899857,84.31,74,80,74
415,Rostovka,55.3842,71.8891,RU,1657899859,60.96,91,8,91
416,Paramonga,-10.6667,-77.8333,PE,1657899859,63.55,76,74,76
417,Acapulco de Juárez,16.8634,-99.8901,MX,1657899860,84.02,65,75,65
418,Herat Province,34.5,62.0,AF,1657899860,86.54,9,0,9
419,Abnūb,27.2696,31.1511,EG,1657899860,97.02,18,0,18
420,Taldan,53.6667,124.8,RU,1657899861,63.86,83,55,83
421,Clyde,41.3042,-82.9752,US,1657899861,79.81,46,78,46
422,Kwinana,-32.25,115.7667,AU,1657899861,56.93,93,60,93
423,Syracuse,37.0881,15.2792,IT,1657899862,85.59,63,0,63
424,Ixtapa,20.7,-105.2,MX,1657899862,83.23,88,100,88
425,Harpanahalli,14.8,75.9833,IN,1657899862,73.2,82,38,82
426,Phalombe,-15.8064,35.6507,MW,1657899863,64.15,59,77,59
427,Marabba,12.35,32.1833,SD,1657899863,84.76,52,23,52
428,Kyzyl-Suu,42.3414,78.0056,KG,1657899864,62.58,54,15,54
429,Marsala,37.7966,12.4352,IT,1657899864,88.93,65,0,65
430,Amga,60.8953,131.9608,RU,1657899864,64.72,92,10,92
431,Northfield,44.4583,-93.1616,US,1657899865,81.21,74,40,74
432,Ayr,55.4627,-4.6339,GB,1657899715,68.31,59,20,59
433,Tabou,4.423,-7.3528,CI,1657899865,76.15,81,96,81
434,Bull Savanna,17.8868,-77.5902,JM,1657899865,82.89,61,100,61
435,Borger,52.9233,6.7931,NL,1657899866,69.98,61,96,61
436,Windhoek,-22.5594,17.0832,NA,1657899778,70.29,17,0,17
437,Grand Gaube,-20.0064,57.6608,MU,1657899866,70.2,80,77,80
438,Jambi City,-1.6,103.6167,ID,1657899867,73.0,91,98,91
439,Santa Isabel Rio Negro,-0.4139,-65.0192,BR,1657899867,85.1,71,84,71
440,Boa Vista,2.8197,-60.6733,BR,1657899747,76.98,88,75,88
441,Mokolo,10.7398,13.8019,CM,1657899867,78.13,65,98,65
442,Callaway,30.153,-85.5699,US,1657899868,80.98,84,100,84
443,Dobšiná,48.8207,20.3699,SK,1657899868,74.35,41,58,41
444,Abū Zabad,12.35,29.25,SD,1657899868,79.5,68,71,68
445,Christchurch,-43.5333,172.6333,NZ,1657899856,35.8,81,38,81
446,Maragogi,-9.0122,-35.2225,BR,1657899869,79.63,71,21,71
447,Mattersburg,47.7333,16.4,AT,1657899869,79.39,34,86,34
448,Straumen,63.8709,11.2999,NO,1657899870,51.8,63,100,63
449,Florence,43.7667,11.25,IT,1657899844,94.68,36,0,36
450,Dumabato,16.3167,121.7,PH,1657899870,74.53,95,95,95
451,Boende,-0.2167,20.8667,CD,1657899871,80.71,62,96,62
452,San Felipe,10.3399,-68.7425,VE,1657899871,88.72,47,32,47
453,Pangnirtung,66.1451,-65.7125,CA,1657899871,51.8,76,40,76
454,Ozinki,51.1786,49.6769,RU,1657899872,73.76,52,0,52
455,Langham,52.3668,-106.9679,CA,1657899872,78.03,57,0,57
456,Rome,43.2128,-75.4557,US,1657899843,78.08,58,1,58
457,Rosetta,31.4044,30.4164,EG,1657899873,78.64,62,0,62
458,Akonolinga,3.7667,12.25,CM,1657899873,75.58,81,82,81
459,Biltine,14.5333,20.9167,TD,1657899873,83.19,60,66,60
460,Mayumba,-3.432,10.6554,GA,1657899874,73.63,80,89,80
461,Mount Isa,-20.7333,139.5,AU,1657899874,51.57,43,2,43
462,Pampas,-12.4,-74.9,PE,1657899874,59.13,43,74,43
463,Hammerfest,70.6634,23.6821,NO,1657899875,57.65,82,75,82
464,Siuna,13.7332,-84.7773,NI,1657899875,84.09,62,73,62
465,Cabatuan,10.8794,122.486,PH,1657899875,76.87,91,84,91
466,Zonguldak,41.25,31.8333,TR,1657899876,68.18,70,0,70
467,Byron Bay,-28.65,153.6167,AU,1657899876,50.94,88,8,88
468,Tshela,-4.9833,12.9333,CD,1657899876,88.65,39,6,39
469,Khandyga,62.6667,135.6,RU,1657899877,68.76,89,99,89
470,Bruiu,45.8747,24.7009,RO,1657899877,82.42,31,64,31
471,Churapcha,62.0025,132.4325,RU,1657899877,64.83,90,100,90
472,Nara,34.6851,135.8049,JP,1657899612,79.5,70,100,70
473,Nelson Bay,-32.7167,152.15,AU,1657899878,48.0,97,0,97
474,Khasan,42.4308,130.6434,RU,1657899878,62.11,93,86,93
475,Korla,41.7597,86.1469,CN,1657899879,81.34,34,91,34
476,Naryan-Mar,67.6713,53.087,RU,1657899879,77.09,63,78,63
477,Manono,-7.3,27.4167,CD,1657899879,87.93,25,34,25
478,Belaya Gora,68.5333,146.4167,RU,1657899880,61.61,70,65,70
479,Mossamedes,-15.1961,12.1522,AO,1657899880,68.23,84,5,84
480,Inongo,-1.95,18.2667,CD,1657899880,78.87,47,27,47
481,Fort Frances,48.5999,-93.4003,CA,1657899881,81.16,65,0,65
482,Jumla,29.2747,82.1838,NP,1657899881,63.86,87,93,87
483,Broken Hill,-31.95,141.4333,AU,1657899881,47.19,41,100,41
484,Honiara,-9.4333,159.95,SB,1657899882,76.12,87,100,87
485,Coro,11.4045,-69.6734,VE,1657899882,87.46,56,23,56
486,Katobu,-4.9408,122.5276,ID,1657899882,73.0,93,93,93
487,Balakovo,52.0278,47.8007,RU,1657899883,71.67,67,2,67
488,Libreville,0.3925,9.4537,GA,1657899883,78.82,78,40,78
489,Pisco,-13.7,-76.2167,PE,1657899884,62.65,72,75,72
490,Avera,33.194,-82.5271,US,1657899884,86.56,58,97,58
491,Irecê,-11.3042,-41.8558,BR,1657899884,81.1,31,18,31
492,Khorinsk,52.1657,109.7726,RU,1657899885,58.68,80,100,80
493,Quelimane,-17.8786,36.8883,MZ,1657899885,73.35,64,40,64
494,Nishiwaki,34.9833,134.9667,JP,1657899885,78.19,94,100,94
495,Jalu,29.0331,21.5482,LY,1657899886,92.3,15,0,15
496,Zapolyarnyy,69.4154,30.8136,RU,1657899886,72.68,55,66,55
497,Karonga,-9.9333,33.9333,MW,1657899886,73.9,67,11,67
498,Hirara,24.8,125.2833,JP,1657899887,84.79,85,100,85
499,Merauke,-8.4667,140.3333,ID,1657899887,74.52,78,100,78
500,Cap-aux-Meules,47.3821,-61.8597,CA,1657899887,60.85,82,75,82
501,Kungurtug,50.5994,97.5228,RU,1657899888,42.76,91,89,91
502,Izumrud,57.0788,61.3993,RU,1657899888,64.72,96,99,96
503,Bell Ville,-32.6259,-62.6887,AR,1657899888,55.9,55,58,55
504,Hope,33.6671,-93.5916,US,1657899889,89.65,47,0,47
505,Yulara,-25.2406,130.9889,AU,1657899889,50.29,23,0,23
506,Noumea,-22.2763,166.4572,NC,1657899889,70.0,99,75,99
507,Grand-Santi,4.25,-54.3833,GF,1657899890,87.3,58,71,58
508,Rio Grande,-32.035,-52.0986,BR,1657899890,62.71,96,100,96
509,Seoul,37.5683,126.9778,KR,1657899647,74.77,88,20,88
510,Dargaville,-35.9333,173.8833,NZ,1657899890,52.92,78,100,78
511,Labuhan,-6.8844,112.2051,ID,1657899891,78.39,86,63,86
512,Lamont,35.2597,-118.9143,US,1657899891,96.84,47,0,47
513,Xinmin,41.9908,122.8253,CN,1657899892,67.37,95,0,95
514,Jandaia do Sul,-23.6031,-51.6433,BR,1657899892,77.65,34,85,34
515,Alofi,-19.0595,-169.9187,NU,1657899892,75.09,83,98,83
516,La Plata,-34.9215,-57.9545,AR,1657899893,52.95,85,100,85
517,Bassar,9.25,0.7833,TG,1657899893,81.27,71,100,71
518,Benghazi,32.1167,20.0667,LY,1657899893,79.74,62,0,62
519,Hays,30.0502,-98.0336,US,1657899894,89.64,65,19,65
520,Torbay,47.6666,-52.7314,CA,1657899894,68.88,87,100,87
521,Killam,52.7834,-111.8518,CA,1657899894,71.55,73,6,73
522,Piaçabuçu,-10.4056,-36.4344,BR,1657899895,76.93,81,71,81
523,Eureka,40.8021,-124.1637,US,1657899895,60.21,87,0,87
524,Sunrise Manor,36.2111,-115.0731,US,1657899896,90.73,44,40,44
525,Wisconsin Rapids,44.3836,-89.8174,US,1657899896,63.21,92,75,92
526,High Rock,26.6208,-78.2833,BS,1657899897,77.02,69,87,69
527,Severnoye,56.3491,78.3619,RU,1657899897,57.69,91,74,91
528,Sribne,50.6638,32.9187,UA,1657899897,66.58,73,66,73
529,Esperance,-33.8667,121.9,AU,1657899898,55.24,77,36,77
530,Soyo,-6.1349,12.3689,AO,1657899898,74.14,78,19,78
531,Chabahar,25.2919,60.643,IR,1657899899,83.61,83,88,83
532,Cochrane,51.1834,-114.4687,CA,1657899899,74.5,36,0,36
533,Cardston,49.2,-113.3019,CA,1657899900,75.49,52,0,52
534,Hanting,36.7708,119.2108,CN,1657899900,78.24,58,95,58
535,Nampula,-15.1165,39.2666,MZ,1657899900,73.35,43,20,43
536,Hay River,60.8156,-115.7999,CA,1657899901,60.78,82,40,82
537,Miandrivazo,-19.5167,45.4667,MG,1657899901,71.26,46,0,46
538,Hargeisa,9.56,44.065,SO,1657899902,72.43,62,83,62
539,Örebro,59.2741,15.2066,SE,1657899902,66.25,26,0,26
540,Vila Franca do Campo,37.7167,-25.4333,PT,1657899903,70.21,80,46,80
541,Ahmadpur East,29.1431,71.2598,PK,1657899903,85.23,70,100,70
542,General Roca,-39.0333,-67.5833,AR,1657899903,38.62,97,100,97
543,Port Moresby,-9.4431,147.1797,PG,1657899904,74.62,73,75,73
544,Shimoda,34.6667,138.95,JP,1657899904,74.1,93,60,93
545,Ulaanbaatar,47.9077,106.8832,MN,1657899664,55.53,88,75,88
546,Kumul,42.8,93.45,CN,1657899905,81.61,9,78,9
547,Udimskiy,61.1417,45.9144,RU,1657899906,62.74,98,100,98
548,Makhinjauri,41.6739,41.694,GE,1657899906,75.06,73,75,73
549,Zyryanka,65.75,150.85,RU,1657899906,63.07,74,11,74
550,Esim,4.8699,-2.2405,GH,1657899907,78.08,79,88,79
551,Voh,-20.9667,164.7,NC,1657899907,65.23,75,81,75
552,Buraidah,26.326,43.975,SA,1657899908,106.25,9,45,9
553,Namatanai,-3.6667,152.4333,PG,1657899908,78.49,80,88,80
554,Qasigiannguit,68.8193,-51.1922,GL,1657899908,47.21,54,6,54
555,Sinnai,39.3042,9.2036,IT,1657899909,93.65,56,0,56
556,Manta,-0.95,-80.7333,EC,1657899825,73.18,78,100,78
557,Santa Cruz de la Sierra,-17.8,-63.1667,BO,1657899909,72.86,94,75,94
558,Alenquer,-1.9417,-54.7383,BR,1657899861,89.53,52,85,52
559,Bentiu,9.2333,29.8333,SS,1657899910,75.92,78,87,78
560,Richards Bay,-28.783,32.0377,ZA,1657899910,63.43,81,39,81
561,Sobolevo,54.4299,31.8996,RU,1657899911,60.42,86,87,86
562,Lira,2.235,32.9097,UG,1657899911,76.21,50,100,50
563,Hambantota,6.1241,81.1185,LK,1657899911,82.74,83,40,83
564,Maralal,1.0968,36.698,KE,1657899912,65.77,57,98,57
565,Kilis,36.7161,37.115,TR,1657899912,93.43,27,0,27
566,Larreynaga,12.6769,-86.5719,NI,1657899912,87.22,53,100,53
567,Rosarito,32.3333,-117.0333,MX,1657899913,70.25,76,16,76
568,Cam Ranh,11.9214,109.1591,VN,1657899913,84.16,74,40,74
569,Vangaindrano,-23.35,47.6,MG,1657899913,65.59,86,2,86
570,Acajutla,13.5928,-89.8275,SV,1657899914,84.81,64,38,64
571,Port Hedland,-20.3167,118.5667,AU,1657899914,57.25,72,9,72
572,Crestview,30.7621,-86.5705,US,1657899914,83.77,77,20,77
573,Viedma,-40.8135,-62.9967,AR,1657899626,46.06,89,100,89
574,Hamilton,39.1834,-84.5333,US,1657899910,85.24,60,0,60
575,Ruska Poliana,49.417,31.9201,UA,1657899915,67.84,87,80,87
576,Ongandjera,-17.8833,15.0667,NA,1657899916,73.9,18,0,18
577,North Myrtle Beach,33.816,-78.68,US,1657899916,79.34,96,75,96
578,Princeton,25.5384,-80.4089,US,1657899850,89.02,70,40,70
579,Vīsāvadar,21.3833,70.6833,IN,1657899917,78.84,92,100,92
580,San Miguel de Cozumel,20.5083,-86.9458,MX,1657899824,86.95,75,40,75
581,Charagua,-19.8,-63.2167,BO,1657899917,71.17,35,100,35
582,Chimoré,-16.9833,-65.1333,BO,1657899918,81.25,67,100,67
